	img_name	label
0	0000.jpg	0
1	0001.jpg	0
2	0002.jpg	0
3	0003.jpg	0
4	0004.jpg	0
5	0005.jpg	0
6	0006.jpg	0
7	0007.jpg	0
8	0008.jpg	0
9	0009.jpg	0
10	0010.jpg	0
11	0011.jpg	0
12	0012.jpg	0
13	0013.jpg	0
14	0014.jpg	0
15	0015.jpg	0
16	0016.jpg	1
17	0017.jpg	1
18	0018.jpg	1
19	0019.jpg	1
20	0020.jpg	1
21	0021.jpg	1
22	0022.jpg	1
23	0023.jpg	1
24	0024.jpg	1
25	0025.jpg	1
26	0026.jpg	1
27	0027.jpg	1
28	0028.jpg	1
29	0029.jpg	1
30	0030.jpg	1
31	0031.jpg	1
32	0032.jpg	2
33	0033.jpg	2
34	0034.jpg	2
35	0035.jpg	2
36	0036.jpg	2
37	0037.jpg	2
38	0038.jpg	2
39	0039.jpg	2
40	0040.jpg	2
41	0041.jpg	2
42	0042.jpg	2
43	0043.jpg	2
44	0044.jpg	2
45	0045.jpg	2
46	0046.jpg	2
47	0047.jpg	2
48	0048.jpg	3
49	0049.jpg	3
50	0050.jpg	3
51	0051.jpg	3
52	0052.jpg	3
53	0053.jpg	3
54	0054.jpg	3
55	0055.jpg	3
56	0056.jpg	3
57	0057.jpg	3
58	0058.jpg	3
59	0059.jpg	3
60	0060.jpg	3
61	0061.jpg	3
62	0062.jpg	3
63	0063.jpg	3
64	0064.jpg	4
65	0065.jpg	4
66	0066.jpg	4
67	0067.jpg	4
68	0068.jpg	4
69	0069.jpg	4
70	0070.jpg	4
71	0071.jpg	4
72	0072.jpg	4
73	0073.jpg	4
74	0074.jpg	4
75	0075.jpg	4
76	0076.jpg	4
77	0077.jpg	4
78	0078.jpg	4
79	0079.jpg	4
80	0080.jpg	5
81	0081.jpg	5
82	0082.jpg	5
83	0083.jpg	5
84	0084.jpg	5
85	0085.jpg	5
86	0086.jpg	5
87	0087.jpg	5
88	0088.jpg	5
89	0089.jpg	5
90	0090.jpg	5
91	0091.jpg	5
92	0092.jpg	5
93	0093.jpg	5
94	0094.jpg	5
95	0095.jpg	5
96	0096.jpg	6
97	0097.jpg	6
98	0098.jpg	6
99	0099.jpg	6
100	0100.jpg	6
101	0101.jpg	6
102	0102.jpg	6
103	0103.jpg	6
104	0104.jpg	6
105	0105.jpg	6
106	0106.jpg	6
107	0107.jpg	6
108	0108.jpg	6
109	0109.jpg	6
110	0110.jpg	6
111	0111.jpg	6
112	0112.jpg	7
113	0113.jpg	7
114	0114.jpg	7
115	0115.jpg	7
116	0116.jpg	7
117	0117.jpg	7
118	0118.jpg	7
119	0119.jpg	7
120	0120.jpg	7
121	0121.jpg	7
122	0122.jpg	7
123	0123.jpg	7
124	0124.jpg	7
125	0125.jpg	7
126	0126.jpg	7
127	0127.jpg	7
128	0128.jpg	8
129	0129.jpg	8
130	0130.jpg	8
131	0131.jpg	8
132	0132.jpg	8
133	0133.jpg	8
134	0134.jpg	8
135	0135.jpg	8
136	0136.jpg	8
137	0137.jpg	8
138	0138.jpg	8
139	0139.jpg	8
140	0140.jpg	8
141	0141.jpg	8
142	0142.jpg	8
143	0143.jpg	8
144	0144.jpg	9
145	0145.jpg	9
146	0146.jpg	9
147	0147.jpg	9
148	0148.jpg	9
149	0149.jpg	9
150	0150.jpg	9
151	0151.jpg	9
152	0152.jpg	9
153	0153.jpg	9
154	0154.jpg	9
155	0155.jpg	9
156	0156.jpg	9
157	0157.jpg	9
158	0158.jpg	9
159	0159.jpg	9
160	0160.jpg	10
161	0161.jpg	10
162	0162.jpg	10
163	0163.jpg	10
164	0164.jpg	10
165	0165.jpg	10
166	0166.jpg	10
167	0167.jpg	10
168	0168.jpg	10
169	0169.jpg	10
170	0170.jpg	10
171	0171.jpg	10
172	0172.jpg	10
173	0173.jpg	10
174	0174.jpg	10
175	0175.jpg	10
176	0176.jpg	11
177	0177.jpg	11
178	0178.jpg	11
179	0179.jpg	11
180	0180.jpg	11
181	0181.jpg	11
182	0182.jpg	11
183	0183.jpg	11
184	0184.jpg	11
185	0185.jpg	11
186	0186.jpg	11
187	0187.jpg	11
188	0188.jpg	11
189	0189.jpg	11
190	0190.jpg	11
191	0191.jpg	11
192	0192.jpg	12
193	0193.jpg	12
194	0194.jpg	12
195	0195.jpg	12
196	0196.jpg	12
197	0197.jpg	12
198	0198.jpg	12
199	0199.jpg	12
200	0200.jpg	12
201	0201.jpg	12
202	0202.jpg	12
203	0203.jpg	12
204	0204.jpg	12
205	0205.jpg	12
206	0206.jpg	12
207	0207.jpg	12
208	0208.jpg	13
209	0209.jpg	13
210	0210.jpg	13
211	0211.jpg	13
212	0212.jpg	13
213	0213.jpg	13
214	0214.jpg	13
215	0215.jpg	13
216	0216.jpg	13
217	0217.jpg	13
218	0218.jpg	13
219	0219.jpg	13
220	0220.jpg	13
221	0221.jpg	13
222	0222.jpg	13
223	0223.jpg	13
224	0224.jpg	14
225	0225.jpg	14
226	0226.jpg	14
227	0227.jpg	14
228	0228.jpg	14
229	0229.jpg	14
230	0230.jpg	14
231	0231.jpg	14
232	0232.jpg	14
233	0233.jpg	14
234	0234.jpg	14
235	0235.jpg	14
236	0236.jpg	14
237	0237.jpg	14
238	0238.jpg	14
239	0239.jpg	14
240	0240.jpg	15
241	0241.jpg	15
242	0242.jpg	15
243	0243.jpg	15
244	0244.jpg	15
245	0245.jpg	15
246	0246.jpg	15
247	0247.jpg	15
248	0248.jpg	15
249	0249.jpg	15
250	0250.jpg	15
251	0251.jpg	15
252	0252.jpg	15
253	0253.jpg	15
254	0254.jpg	15
255	0255.jpg	15
256	0256.jpg	16
257	0257.jpg	16
258	0258.jpg	16
259	0259.jpg	16
260	0260.jpg	16
261	0261.jpg	16
262	0262.jpg	16
263	0263.jpg	16
264	0264.jpg	16
265	0265.jpg	16
266	0266.jpg	16
267	0267.jpg	16
268	0268.jpg	16
269	0269.jpg	16
270	0270.jpg	16
271	0271.jpg	16
272	0272.jpg	17
273	0273.jpg	17
274	0274.jpg	17
275	0275.jpg	17
276	0276.jpg	17
277	0277.jpg	17
278	0278.jpg	17
279	0279.jpg	17
280	0280.jpg	17
281	0281.jpg	17
282	0282.jpg	17
283	0283.jpg	17
284	0284.jpg	17
285	0285.jpg	17
286	0286.jpg	17
287	0287.jpg	17
288	0288.jpg	18
289	0289.jpg	18
290	0290.jpg	18
291	0291.jpg	18
292	0292.jpg	18
293	0293.jpg	18
294	0294.jpg	18
295	0295.jpg	18
296	0296.jpg	18
297	0297.jpg	18
298	0298.jpg	18
299	0299.jpg	18
300	0300.jpg	18
301	0301.jpg	18
302	0302.jpg	18
303	0303.jpg	18
304	0304.jpg	19
305	0305.jpg	19
306	0306.jpg	19
307	0307.jpg	19
308	0308.jpg	19
309	0309.jpg	19
310	0310.jpg	19
311	0311.jpg	19
312	0312.jpg	19
313	0313.jpg	19
314	0314.jpg	19
315	0315.jpg	19
316	0316.jpg	19
317	0317.jpg	19
318	0318.jpg	19
319	0319.jpg	19
320	0320.jpg	20
321	0321.jpg	20
322	0322.jpg	20
323	0323.jpg	20
324	0324.jpg	20
325	0325.jpg	20
326	0326.jpg	20
327	0327.jpg	20
328	0328.jpg	20
329	0329.jpg	20
330	0330.jpg	20
331	0331.jpg	20
332	0332.jpg	20
333	0333.jpg	20
334	0334.jpg	20
335	0335.jpg	20
336	0336.jpg	21
337	0337.jpg	21
338	0338.jpg	21
339	0339.jpg	21
340	0340.jpg	21
341	0341.jpg	21
342	0342.jpg	21
343	0343.jpg	21
344	0344.jpg	21
345	0345.jpg	21
346	0346.jpg	21
347	0347.jpg	21
348	0348.jpg	21
349	0349.jpg	21
350	0350.jpg	21
351	0351.jpg	21
352	0352.jpg	22
353	0353.jpg	22
354	0354.jpg	22
355	0355.jpg	22
356	0356.jpg	22
357	0357.jpg	22
358	0358.jpg	22
359	0359.jpg	22
360	0360.jpg	22
361	0361.jpg	22
362	0362.jpg	22
363	0363.jpg	22
364	0364.jpg	22
365	0365.jpg	22
366	0366.jpg	22
367	0367.jpg	22
368	0368.jpg	23
369	0369.jpg	23
370	0370.jpg	23
371	0371.jpg	23
372	0372.jpg	23
373	0373.jpg	23
374	0374.jpg	23
375	0375.jpg	23
376	0376.jpg	23
377	0377.jpg	23
378	0378.jpg	23
379	0379.jpg	23
380	0380.jpg	23
381	0381.jpg	23
382	0382.jpg	23
383	0383.jpg	23
384	0384.jpg	24
385	0385.jpg	24
386	0386.jpg	24
387	0387.jpg	24
388	0388.jpg	24
389	0389.jpg	24
390	0390.jpg	24
391	0391.jpg	24
392	0392.jpg	24
393	0393.jpg	24
394	0394.jpg	24
395	0395.jpg	24
396	0396.jpg	24
397	0397.jpg	24
398	0398.jpg	24
399	0399.jpg	24
400	0400.jpg	25
401	0401.jpg	25
402	0402.jpg	25
403	0403.jpg	25
404	0404.jpg	25
405	0405.jpg	25
406	0406.jpg	25
407	0407.jpg	25
408	0408.jpg	25
409	0409.jpg	25
410	0410.jpg	25
411	0411.jpg	25
412	0412.jpg	25
413	0413.jpg	25
414	0414.jpg	25
415	0415.jpg	25
416	0416.jpg	26
417	0417.jpg	26
418	0418.jpg	26
419	0419.jpg	26
420	0420.jpg	26
421	0421.jpg	26
422	0422.jpg	26
423	0423.jpg	26
424	0424.jpg	26
425	0425.jpg	26
426	0426.jpg	26
427	0427.jpg	26
428	0428.jpg	26
429	0429.jpg	26
430	0430.jpg	26
431	0431.jpg	26
432	0432.jpg	27
433	0433.jpg	27
434	0434.jpg	27
435	0435.jpg	27
436	0436.jpg	27
437	0437.jpg	27
438	0438.jpg	27
439	0439.jpg	27
440	0440.jpg	27
441	0441.jpg	27
442	0442.jpg	27
443	0443.jpg	27
444	0444.jpg	27
445	0445.jpg	27
446	0446.jpg	27
447	0447.jpg	27
448	0448.jpg	28
449	0449.jpg	28
450	0450.jpg	28
451	0451.jpg	28
452	0452.jpg	28
453	0453.jpg	28
454	0454.jpg	28
455	0455.jpg	28
456	0456.jpg	28
457	0457.jpg	28
458	0458.jpg	28
459	0459.jpg	28
460	0460.jpg	28
461	0461.jpg	28
462	0462.jpg	28
463	0463.jpg	28
464	0464.jpg	29
465	0465.jpg	29
466	0466.jpg	29
467	0467.jpg	29
468	0468.jpg	29
469	0469.jpg	29
470	0470.jpg	29
471	0471.jpg	29
472	0472.jpg	29
473	0473.jpg	29
474	0474.jpg	29
475	0475.jpg	29
476	0476.jpg	29
477	0477.jpg	29
478	0478.jpg	29
479	0479.jpg	29
480	0480.jpg	30
481	0481.jpg	30
482	0482.jpg	30
483	0483.jpg	30
484	0484.jpg	30
485	0485.jpg	30
486	0486.jpg	30
487	0487.jpg	30
488	0488.jpg	30
489	0489.jpg	30
490	0490.jpg	30
491	0491.jpg	30
492	0492.jpg	30
493	0493.jpg	30
494	0494.jpg	30
495	0495.jpg	30
496	0496.jpg	31
497	0497.jpg	31
498	0498.jpg	31
499	0499.jpg	31
500	0500.jpg	31
501	0501.jpg	31
502	0502.jpg	31
503	0503.jpg	31
504	0504.jpg	31
505	0505.jpg	31
506	0506.jpg	31
507	0507.jpg	31
508	0508.jpg	31
509	0509.jpg	31
510	0510.jpg	31
511	0511.jpg	31
512	0512.jpg	32
513	0513.jpg	32
514	0514.jpg	32
515	0515.jpg	32
516	0516.jpg	32
517	0517.jpg	32
518	0518.jpg	32
519	0519.jpg	32
520	0520.jpg	32
521	0521.jpg	32
522	0522.jpg	32
523	0523.jpg	32
524	0524.jpg	32
525	0525.jpg	32
526	0526.jpg	32
527	0527.jpg	32
528	0528.jpg	33
529	0529.jpg	33
530	0530.jpg	33
531	0531.jpg	33
532	0532.jpg	33
533	0533.jpg	33
534	0534.jpg	33
535	0535.jpg	33
536	0536.jpg	33
537	0537.jpg	33
538	0538.jpg	33
539	0539.jpg	33
540	0540.jpg	33
541	0541.jpg	33
542	0542.jpg	33
543	0543.jpg	33
544	0544.jpg	34
545	0545.jpg	34
546	0546.jpg	34
547	0547.jpg	34
548	0548.jpg	34
549	0549.jpg	34
550	0550.jpg	34
551	0551.jpg	34
552	0552.jpg	34
553	0553.jpg	34
554	0554.jpg	34
555	0555.jpg	34
556	0556.jpg	34
557	0557.jpg	34
558	0558.jpg	34
559	0559.jpg	34
560	0560.jpg	35
561	0561.jpg	35
562	0562.jpg	35
563	0563.jpg	35
564	0564.jpg	35
565	0565.jpg	35
566	0566.jpg	35
567	0567.jpg	35
568	0568.jpg	35
569	0569.jpg	35
570	0570.jpg	35
571	0571.jpg	35
572	0572.jpg	35
573	0573.jpg	35
574	0574.jpg	35
575	0575.jpg	35
576	0576.jpg	36
577	0577.jpg	36
578	0578.jpg	36
579	0579.jpg	36
580	0580.jpg	36
581	0581.jpg	36
582	0582.jpg	36
583	0583.jpg	36
584	0584.jpg	36
585	0585.jpg	36
586	0586.jpg	36
587	0587.jpg	36
588	0588.jpg	36
589	0589.jpg	36
590	0590.jpg	36
591	0591.jpg	36
592	0592.jpg	37
593	0593.jpg	37
594	0594.jpg	37
595	0595.jpg	37
596	0596.jpg	37
597	0597.jpg	37
598	0598.jpg	37
599	0599.jpg	37
600	0600.jpg	37
601	0601.jpg	37
602	0602.jpg	37
603	0603.jpg	37
604	0604.jpg	37
605	0605.jpg	37
606	0606.jpg	37
607	0607.jpg	37
608	0608.jpg	38
609	0609.jpg	38
610	0610.jpg	38
611	0611.jpg	38
612	0612.jpg	38
613	0613.jpg	38
614	0614.jpg	38
615	0615.jpg	38
616	0616.jpg	38
617	0617.jpg	38
618	0618.jpg	38
619	0619.jpg	38
620	0620.jpg	38
621	0621.jpg	38
622	0622.jpg	38
623	0623.jpg	38
624	0624.jpg	39
625	0625.jpg	39
626	0626.jpg	39
627	0627.jpg	39
628	0628.jpg	39
629	0629.jpg	39
630	0630.jpg	39
631	0631.jpg	39
632	0632.jpg	39
633	0633.jpg	39
634	0634.jpg	39
635	0635.jpg	39
636	0636.jpg	39
637	0637.jpg	39
638	0638.jpg	39
639	0639.jpg	39
640	0640.jpg	40
641	0641.jpg	40
642	0642.jpg	40
643	0643.jpg	40
644	0644.jpg	40
645	0645.jpg	40
646	0646.jpg	40
647	0647.jpg	40
648	0648.jpg	40
649	0649.jpg	40
650	0650.jpg	40
651	0651.jpg	40
652	0652.jpg	40
653	0653.jpg	40
654	0654.jpg	40
655	0655.jpg	40
656	0656.jpg	41
657	0657.jpg	41
658	0658.jpg	41
659	0659.jpg	41
660	0660.jpg	41
661	0661.jpg	41
662	0662.jpg	41
663	0663.jpg	41
664	0664.jpg	41
665	0665.jpg	41
666	0666.jpg	41
667	0667.jpg	41
668	0668.jpg	41
669	0669.jpg	41
670	0670.jpg	41
671	0671.jpg	41
672	0672.jpg	42
673	0673.jpg	42
674	0674.jpg	42
675	0675.jpg	42
676	0676.jpg	42
677	0677.jpg	42
678	0678.jpg	42
679	0679.jpg	42
680	0680.jpg	42
681	0681.jpg	42
682	0682.jpg	42
683	0683.jpg	42
684	0684.jpg	42
685	0685.jpg	42
686	0686.jpg	42
687	0687.jpg	42
688	0688.jpg	43
689	0689.jpg	43
690	0690.jpg	43
691	0691.jpg	43
692	0692.jpg	43
693	0693.jpg	43
694	0694.jpg	43
695	0695.jpg	43
696	0696.jpg	43
697	0697.jpg	43
698	0698.jpg	43
699	0699.jpg	43
700	0700.jpg	43
701	0701.jpg	43
702	0702.jpg	43
703	0703.jpg	43
704	0704.jpg	44
705	0705.jpg	44
706	0706.jpg	44
707	0707.jpg	44
708	0708.jpg	44
709	0709.jpg	44
710	0710.jpg	44
711	0711.jpg	44
712	0712.jpg	44
713	0713.jpg	44
714	0714.jpg	44
715	0715.jpg	44
716	0716.jpg	44
717	0717.jpg	44
718	0718.jpg	44
719	0719.jpg	44
720	0720.jpg	45
721	0721.jpg	45
722	0722.jpg	45
723	0723.jpg	45
724	0724.jpg	45
725	0725.jpg	45
726	0726.jpg	45
727	0727.jpg	45
728	0728.jpg	45
729	0729.jpg	45
730	0730.jpg	45
731	0731.jpg	45
732	0732.jpg	45
733	0733.jpg	45
734	0734.jpg	45
735	0735.jpg	45
736	0736.jpg	46
737	0737.jpg	46
738	0738.jpg	46
739	0739.jpg	46
740	0740.jpg	46
741	0741.jpg	46
742	0742.jpg	46
743	0743.jpg	46
744	0744.jpg	46
745	0745.jpg	46
746	0746.jpg	46
747	0747.jpg	46
748	0748.jpg	46
749	0749.jpg	46
750	0750.jpg	46
751	0751.jpg	46
752	0752.jpg	47
753	0753.jpg	47
754	0754.jpg	47
755	0755.jpg	47
756	0756.jpg	47
757	0757.jpg	47
758	0758.jpg	47
759	0759.jpg	47
760	0760.jpg	47
761	0761.jpg	47
762	0762.jpg	47
763	0763.jpg	47
764	0764.jpg	47
765	0765.jpg	47
766	0766.jpg	47
767	0767.jpg	47
768	0768.jpg	48
769	0769.jpg	48
770	0770.jpg	48
771	0771.jpg	48
772	0772.jpg	48
773	0773.jpg	48
774	0774.jpg	48
775	0775.jpg	48
776	0776.jpg	48
777	0777.jpg	48
778	0778.jpg	48
779	0779.jpg	48
780	0780.jpg	48
781	0781.jpg	48
782	0782.jpg	48
783	0783.jpg	48
784	0784.jpg	49
785	0785.jpg	49
786	0786.jpg	49
787	0787.jpg	49
788	0788.jpg	49
789	0789.jpg	49
790	0790.jpg	49
791	0791.jpg	49
792	0792.jpg	49
793	0793.jpg	49
794	0794.jpg	49
795	0795.jpg	49
796	0796.jpg	49
797	0797.jpg	49
798	0798.jpg	49
799	0799.jpg	49
800	0800.jpg	50
801	0801.jpg	50
802	0802.jpg	50
803	0803.jpg	50
804	0804.jpg	50
805	0805.jpg	50
806	0806.jpg	50
807	0807.jpg	50
808	0808.jpg	50
809	0809.jpg	50
810	0810.jpg	50
811	0811.jpg	50
812	0812.jpg	50
813	0813.jpg	50
814	0814.jpg	50
815	0815.jpg	50
816	0816.jpg	51
817	0817.jpg	51
818	0818.jpg	51
819	0819.jpg	51
820	0820.jpg	51
821	0821.jpg	51
822	0822.jpg	51
823	0823.jpg	51
824	0824.jpg	51
825	0825.jpg	51
826	0826.jpg	51
827	0827.jpg	51
828	0828.jpg	51
829	0829.jpg	51
830	0830.jpg	51
831	0831.jpg	51
832	0832.jpg	52
833	0833.jpg	52
834	0834.jpg	52
835	0835.jpg	52
836	0836.jpg	52
837	0837.jpg	52
838	0838.jpg	52
839	0839.jpg	52
840	0840.jpg	52
841	0841.jpg	52
842	0842.jpg	52
843	0843.jpg	52
844	0844.jpg	52
845	0845.jpg	52
846	0846.jpg	52
847	0847.jpg	52
848	0848.jpg	53
849	0849.jpg	53
850	0850.jpg	53
851	0851.jpg	53
852	0852.jpg	53
853	0853.jpg	53
854	0854.jpg	53
855	0855.jpg	53
856	0856.jpg	53
857	0857.jpg	53
858	0858.jpg	53
859	0859.jpg	53
860	0860.jpg	53
861	0861.jpg	53
862	0862.jpg	53
863	0863.jpg	53
864	0864.jpg	54
865	0865.jpg	54
866	0866.jpg	54
867	0867.jpg	54
868	0868.jpg	54
869	0869.jpg	54
870	0870.jpg	54
871	0871.jpg	54
872	0872.jpg	54
873	0873.jpg	54
874	0874.jpg	54
875	0875.jpg	54
876	0876.jpg	54
877	0877.jpg	54
878	0878.jpg	54
879	0879.jpg	54
880	0880.jpg	55
881	0881.jpg	55
882	0882.jpg	55
883	0883.jpg	55
884	0884.jpg	55
885	0885.jpg	55
886	0886.jpg	55
887	0887.jpg	55
888	0888.jpg	55
889	0889.jpg	55
890	0890.jpg	55
891	0891.jpg	55
892	0892.jpg	55
893	0893.jpg	55
894	0894.jpg	55
895	0895.jpg	55
896	0896.jpg	56
897	0897.jpg	56
898	0898.jpg	56
899	0899.jpg	56
900	0900.jpg	56
901	0901.jpg	56
902	0902.jpg	56
903	0903.jpg	56
904	0904.jpg	56
905	0905.jpg	56
906	0906.jpg	56
907	0907.jpg	56
908	0908.jpg	56
909	0909.jpg	56
910	0910.jpg	56
911	0911.jpg	56
912	0912.jpg	57
913	0913.jpg	57
914	0914.jpg	57
915	0915.jpg	57
916	0916.jpg	57
917	0917.jpg	57
918	0918.jpg	57
919	0919.jpg	57
920	0920.jpg	57
921	0921.jpg	57
922	0922.jpg	57
923	0923.jpg	57
924	0924.jpg	57
925	0925.jpg	57
926	0926.jpg	57
927	0927.jpg	57
928	0928.jpg	58
929	0929.jpg	58
930	0930.jpg	58
931	0931.jpg	58
932	0932.jpg	58
933	0933.jpg	58
934	0934.jpg	58
935	0935.jpg	58
936	0936.jpg	58
937	0937.jpg	58
938	0938.jpg	58
939	0939.jpg	58
940	0940.jpg	58
941	0941.jpg	58
942	0942.jpg	58
943	0943.jpg	58
944	0944.jpg	59
945	0945.jpg	59
946	0946.jpg	59
947	0947.jpg	59
948	0948.jpg	59
949	0949.jpg	59
950	0950.jpg	59
951	0951.jpg	59
952	0952.jpg	59
953	0953.jpg	59
954	0954.jpg	59
955	0955.jpg	59
956	0956.jpg	59
957	0957.jpg	59
958	0958.jpg	59
959	0959.jpg	59
